Supplementary Table S7: Relative Synonymous Codon Usage (RSCU) comparison between Authenticated ASVs (n = 8,533 unique sequences) and putative NUMTs (n = 26,416 unique sequences).

For each sense codon: Auth_mean_RSCU = mean RSCU in Authenticated ASVs; NUMT_mean_RSCU = mean RSCU in putative NUMTs; delta_RSCU = NUMT - Auth (positive = higher in NUMTs); p_value = Mann-Whitney U test p-value; p_adjusted_BH = Benjamini-Hochberg adjusted p-value; significant = TRUE if BH-adjusted p < 0.05.

codon,amino_acid,Auth_mean_RSCU,NUMT_mean_RSCU,delta_RSCU,p_value,p_adjusted_BH,significant
TGC,C,0.352,0.635,+0.283,5.33e-04,1.65e-03,TRUE
TGT,C,1.648,1.365,-0.283,5.33e-04,1.65e-03,TRUE
TTA,L,3.072,3.173,+0.100,1.60e-07,1.98e-06,TRUE
GAT,D,1.220,1.284,+0.064,7.23e-11,2.24e-09,TRUE
GAC,D,0.780,0.716,-0.064,7.23e-11,2.24e-09,TRUE
TCA,S,2.285,2.347,+0.062,1.47e-02,3.15e-02,TRUE
GCT,A,1.600,1.645,+0.045,2.12e-03,5.70e-03,TRUE
CAT,H,1.487,1.531,+0.044,6.07e-05,3.76e-04,TRUE
ATT,I,1.652,1.684,+0.032,6.09e-09,9.44e-08,TRUE
ATC,I,0.348,0.316,-0.032,6.09e-09,9.44e-08,TRUE
CTA,L,0.948,0.909,-0.038,3.41e-05,2.93e-04,TRUE
CTG,L,0.103,0.090,-0.013,3.33e-05,2.93e-04,TRUE
CTT,L,1.357,1.311,-0.046,2.27e-04,7.85e-04,TRUE
TTG,L,0.171,0.183,+0.012,1.18e-02,2.71e-02,TRUE
TTT,F,1.639,1.659,+0.020,2.28e-04,7.85e-04,TRUE
TGA,W,1.796,1.818,+0.022,2.03e-04,7.85e-04,TRUE
TGG,W,0.204,0.182,-0.022,2.03e-04,7.85e-04,TRUE
AGT,S,0.346,0.369,+0.023,1.45e-02,3.15e-02,TRUE
GCT,A,1.600,1.645,+0.045,2.12e-03,5.70e-03,TRUE
GGT,G,0.765,0.790,+0.025,1.96e-03,5.53e-03,TRUE
CCA,P,1.257,1.283,+0.026,1.06e-02,2.52e-02,TRUE
CCT,P,1.690,1.729,+0.039,2.01e-02,4.15e-02,TRUE
TCC,S,0.722,0.679,-0.043,6.23e-03,1.61e-02,TRUE
TCT,S,2.074,2.000,-0.074,3.77e-05,2.93e-04,TRUE
CAC,H,0.513,0.469,-0.044,6.07e-05,3.76e-04,TRUE
GCC,A,0.570,0.537,-0.033,5.87e-04,1.73e-03,TRUE
ACG,T,0.074,0.061,-0.013,8.16e-05,4.60e-04,TRUE
CGC,R,0.199,0.174,-0.025,8.93e-03,2.21e-02,TRUE
CGT,R,0.745,0.739,-0.007,8.92e-01,9.52e-01,FALSE
TTC,F,0.361,0.341,-0.020,2.28e-04,7.85e-04,TRUE
CTC,L,0.349,0.334,-0.015,2.15e-04,7.85e-04,TRUE
GAA,E,1.923,1.923,0.000,3.40e-01,4.48e-01,FALSE
GAG,E,0.077,0.077,0.000,3.40e-01,4.48e-01,FALSE
GGA,G,2.537,2.533,-0.004,7.83e-01,8.67e-01,FALSE
GTG,V,0.165,0.153,-0.012,3.74e-02,7.26e-02,FALSE
GTA,V,1.931,1.897,-0.035,6.64e-02,1.18e-01,FALSE
GTC,V,0.264,0.269,+0.005,9.31e-01,9.52e-01,FALSE
GTT,V,1.639,1.681,+0.042,6.50e-02,1.18e-01,FALSE
AAA,K,1.817,1.769,-0.047,1.12e-01,1.77e-01,FALSE
AAC,N,0.376,0.374,-0.002,9.52e-01,9.52e-01,FALSE
AAG,K,0.183,0.231,+0.047,1.12e-01,1.77e-01,FALSE
AAT,N,1.624,1.626,+0.002,9.52e-01,9.52e-01,FALSE
ACA,T,1.905,1.901,-0.003,9.16e-01,9.52e-01,FALSE
ACC,T,0.429,0.427,-0.002,6.19e-01,7.24e-01,FALSE
ACT,T,1.593,1.610,+0.018,1.85e-01,2.80e-01,FALSE
AGA,S,2.233,2.248,+0.016,1.70e-01,2.63e-01,FALSE
AGC,S,0.139,0.151,+0.013,5.56e-01,6.66e-01,FALSE
AGG,S,0.109,0.114,+0.005,3.54e-01,4.57e-01,FALSE
ATA,M,1.869,1.861,-0.008,3.87e-02,7.26e-02,FALSE
ATG,M,0.131,0.139,+0.008,3.87e-02,7.26e-02,FALSE
CAA,Q,1.859,1.861,+0.003,7.38e-01,8.32e-01,FALSE
CAG,Q,0.141,0.139,-0.003,7.38e-01,8.32e-01,FALSE
CCA,P,1.257,1.283,+0.026,1.06e-02,2.52e-02,TRUE
CCG,P,0.127,0.118,-0.008,9.89e-02,1.66e-01,FALSE
CCC,P,0.926,0.870,-0.056,2.06e-04,7.85e-04,TRUE
CGA,R,2.906,2.940,+0.034,2.30e-01,3.28e-01,FALSE
CGG,R,0.150,0.147,-0.003,4.93e-01,6.11e-01,FALSE
GCA,A,1.761,1.752,-0.010,8.24e-01,8.97e-01,FALSE
GCG,A,0.069,0.067,-0.002,7.46e-02,1.28e-01,FALSE
GGC,G,0.149,0.150,+0.001,4.38e-01,5.54e-01,FALSE
GGG,G,0.549,0.527,-0.022,2.55e-01,3.52e-01,FALSE
TAC,Y,1.043,1.024,-0.019,2.33e-01,3.28e-01,FALSE
TAT,Y,0.957,0.976,+0.019,2.33e-01,3.28e-01,FALSE
TCG,S,0.093,0.092,-0.001,5.58e-01,6.66e-01,FALSE
